dedup_rank,candidate_rank,asset_id,abo_path,download_url,local_glb_path,rank_score,flatness_ratio,panel_aspect_ratio,faces,textures,materials,images,dedupe_key
1,1,B003QTD4Y6,6/B003QTD4Y6.glb,https://amazon-berkeley-objects.s3.amazonaws.com/3dmodels/original/6/B003QTD4Y6.glb,/vol/bitbucket/ct1022/hy3dpaint_finetune/data/raw_assets/abo/6/B003QTD4Y6.glb,13.0000,0.013493,1.124290,1568,3,1,3,"ext:0.00,0.20,0.23|flat:0.01|aspect:1.12|faces:0|textures:3|materials:1"
2,2,B00JM5TTWO,O/B00JM5TTWO.glb,https://amazon-berkeley-objects.s3.amazonaws.com/3dmodels/original/O/B00JM5TTWO.glb,/vol/bitbucket/ct1022/hy3dpaint_finetune/data/raw_assets/abo/O/B00JM5TTWO.glb,13.0000,0.076923,1.300000,7220,3,1,3,"ext:0.03,0.30,0.40|flat:0.08|aspect:1.30|faces:1|textures:3|materials:1"
3,3,B00TOAN83I,I/B00TOAN83I.glb,https://amazon-berkeley-objects.s3.amazonaws.com/3dmodels/original/I/B00TOAN83I.glb,/vol/bitbucket/ct1022/hy3dpaint_finetune/data/raw_assets/abo/I/B00TOAN83I.glb,13.0000,0.034483,1.380952,1064,3,1,3,"ext:0.03,0.63,0.87|flat:0.03|aspect:1.38|faces:0|textures:3|materials:1"
4,4,B014I8UQJY,Y/B014I8UQJY.glb,https://amazon-berkeley-objects.s3.amazonaws.com/3dmodels/original/Y/B014I8UQJY.glb,/vol/bitbucket/ct1022/hy3dpaint_finetune/data/raw_assets/abo/Y/B014I8UQJY.glb,13.0000,0.072289,1.643565,25578,3,1,3,"ext:0.03,0.26,0.42|flat:0.07|aspect:1.64|faces:5|textures:3|materials:1"
5,5,B014RWWURC,C/B014RWWURC.glb,https://amazon-berkeley-objects.s3.amazonaws.com/3dmodels/original/C/B014RWWURC.glb,/vol/bitbucket/ct1022/hy3dpaint_finetune/data/raw_assets/abo/C/B014RWWURC.glb,13.0000,0.053267,2.074319,33390,3,1,3,"ext:0.01,0.14,0.28|flat:0.05|aspect:2.07|faces:7|textures:3|materials:1"
6,6,B017YEANB0,0/B017YEANB0.glb,https://amazon-berkeley-objects.s3.amazonaws.com/3dmodels/original/0/B017YEANB0.glb,/vol/bitbucket/ct1022/hy3dpaint_finetune/data/raw_assets/abo/0/B017YEANB0.glb,13.0000,0.087636,2.490078,59482,3,1,3,"ext:0.01,0.02,0.06|flat:0.09|aspect:2.49|faces:12|textures:3|materials:1"
7,7,B01DN8TB5U,U/B01DN8TB5U.glb,https://amazon-berkeley-objects.s3.amazonaws.com/3dmodels/original/U/B01DN8TB5U.glb,/vol/bitbucket/ct1022/hy3dpaint_finetune/data/raw_assets/abo/U/B01DN8TB5U.glb,13.0000,0.074001,1.675642,1574,3,1,3,"ext:0.02,0.13,0.21|flat:0.07|aspect:1.68|faces:0|textures:3|materials:1"
8,10,B01GGKYAIU,U/B01GGKYAIU.glb,https://amazon-berkeley-objects.s3.amazonaws.com/3dmodels/original/U/B01GGKYAIU.glb,/vol/bitbucket/ct1022/hy3dpaint_finetune/data/raw_assets/abo/U/B01GGKYAIU.glb,13.0000,0.072828,2.756360,18520,3,1,3,"ext:0.01,0.07,0.19|flat:0.07|aspect:2.76|faces:4|textures:3|materials:1"
9,11,B01GGKYT7M,M/B01GGKYT7M.glb,https://amazon-berkeley-objects.s3.amazonaws.com/3dmodels/original/M/B01GGKYT7M.glb,/vol/bitbucket/ct1022/hy3dpaint_finetune/data/raw_assets/abo/M/B01GGKYT7M.glb,13.0000,0.076558,2.658560,18646,3,1,3,"ext:0.01,0.07,0.19|flat:0.08|aspect:2.66|faces:4|textures:3|materials:1"
10,13,B01GGKYZQM,M/B01GGKYZQM.glb,https://amazon-berkeley-objects.s3.amazonaws.com/3dmodels/original/M/B01GGKYZQM.glb,/vol/bitbucket/ct1022/hy3dpaint_finetune/data/raw_assets/abo/M/B01GGKYZQM.glb,13.0000,0.070108,2.903171,18646,3,1,3,"ext:0.01,0.07,0.20|flat:0.07|aspect:2.90|faces:4|textures:3|materials:1"
11,15,B01LONPUM4,4/B01LONPUM4.glb,https://amazon-berkeley-objects.s3.amazonaws.com/3dmodels/original/4/B01LONPUM4.glb,/vol/bitbucket/ct1022/hy3dpaint_finetune/data/raw_assets/abo/4/B01LONPUM4.glb,13.0000,0.047500,2.422658,7824,3,1,3,"ext:0.00,0.04,0.10|flat:0.05|aspect:2.42|faces:2|textures:3|materials:1"
12,17,B01LONQ7R6,6/B01LONQ7R6.glb,https://amazon-berkeley-objects.s3.amazonaws.com/3dmodels/original/6/B01LONQ7R6.glb,/vol/bitbucket/ct1022/hy3dpaint_finetune/data/raw_assets/abo/6/B01LONQ7R6.glb,13.0000,0.055945,2.432153,7890,3,1,3,"ext:0.01,0.04,0.10|flat:0.06|aspect:2.43|faces:2|textures:3|materials:1"
13,19,B01LP0U5X0,0/B01LP0U5X0.glb,https://amazon-berkeley-objects.s3.amazonaws.com/3dmodels/original/0/B01LP0U5X0.glb,/vol/bitbucket/ct1022/hy3dpaint_finetune/data/raw_assets/abo/0/B01LP0U5X0.glb,13.0000,0.011451,3.034865,10752,3,1,3,"ext:0.02,0.62,1.87|flat:0.01|aspect:3.03|faces:2|textures:3|materials:1"
14,22,B01LP0UX9G,G/B01LP0UX9G.glb,https://amazon-berkeley-objects.s3.amazonaws.com/3dmodels/original/G/B01LP0UX9G.glb,/vol/bitbucket/ct1022/hy3dpaint_finetune/data/raw_assets/abo/G/B01LP0UX9G.glb,13.0000,0.011360,3.059153,10752,3,1,3,"ext:0.02,0.62,1.88|flat:0.01|aspect:3.06|faces:2|textures:3|materials:1"
15,26,B06VVXMJ1S,S/B06VVXMJ1S.glb,https://amazon-berkeley-objects.s3.amazonaws.com/3dmodels/original/S/B06VVXMJ1S.glb,/vol/bitbucket/ct1022/hy3dpaint_finetune/data/raw_assets/abo/S/B06VVXMJ1S.glb,13.0000,0.004687,1.147025,1568,3,1,3,"ext:0.00,0.39,0.45|flat:0.00|aspect:1.15|faces:0|textures:3|materials:1"
16,27,B06X19FLTC,C/B06X19FLTC.glb,https://amazon-berkeley-objects.s3.amazonaws.com/3dmodels/original/C/B06X19FLTC.glb,/vol/bitbucket/ct1022/hy3dpaint_finetune/data/raw_assets/abo/C/B06X19FLTC.glb,13.0000,0.003376,2.138396,1568,3,1,3,"ext:0.00,0.42,0.91|flat:0.00|aspect:2.14|faces:0|textures:3|materials:1"
17,28,B06X3W3YQD,D/B06X3W3YQD.glb,https://amazon-berkeley-objects.s3.amazonaws.com/3dmodels/original/D/B06X3W3YQD.glb,/vol/bitbucket/ct1022/hy3dpaint_finetune/data/raw_assets/abo/D/B06X3W3YQD.glb,13.0000,0.006456,1.171099,1568,3,1,3,"ext:0.00,0.27,0.31|flat:0.01|aspect:1.17|faces:0|textures:3|materials:1"
18,29,B06X6H2WF7,7/B06X6H2WF7.glb,https://amazon-berkeley-objects.s3.amazonaws.com/3dmodels/original/7/B06X6H2WF7.glb,/vol/bitbucket/ct1022/hy3dpaint_finetune/data/raw_assets/abo/7/B06X6H2WF7.glb,13.0000,0.008631,1.179079,1568,3,1,3,"ext:0.00,0.21,0.25|flat:0.01|aspect:1.18|faces:0|textures:3|materials:1"
19,30,B07121ZVVT,T/B07121ZVVT.glb,https://amazon-berkeley-objects.s3.amazonaws.com/3dmodels/original/T/B07121ZVVT.glb,/vol/bitbucket/ct1022/hy3dpaint_finetune/data/raw_assets/abo/T/B07121ZVVT.glb,13.0000,0.006563,1.498902,2672,3,1,3,"ext:0.01,1.52,2.28|flat:0.01|aspect:1.50|faces:1|textures:3|materials:1"
20,31,B07121ZVX4,4/B07121ZVX4.glb,https://amazon-berkeley-objects.s3.amazonaws.com/3dmodels/original/4/B07121ZVX4.glb,/vol/bitbucket/ct1022/hy3dpaint_finetune/data/raw_assets/abo/4/B07121ZVX4.glb,13.0000,0.005935,1.367459,2416,3,1,3,"ext:0.01,1.57,2.14|flat:0.01|aspect:1.37|faces:0|textures:3|materials:1"
21,32,B07121ZVXN,N/B07121ZVXN.glb,https://amazon-berkeley-objects.s3.amazonaws.com/3dmodels/original/N/B07121ZVXN.glb,/vol/bitbucket/ct1022/hy3dpaint_finetune/data/raw_assets/abo/N/B07121ZVXN.glb,13.0000,0.006223,1.265103,6964,3,1,3,"ext:0.02,2.29,2.90|flat:0.01|aspect:1.27|faces:1|textures:3|materials:1"
22,33,B07121ZWNC,C/B07121ZWNC.glb,https://amazon-berkeley-objects.s3.amazonaws.com/3dmodels/original/C/B07121ZWNC.glb,/vol/bitbucket/ct1022/hy3dpaint_finetune/data/raw_assets/abo/C/B07121ZWNC.glb,13.0000,0.006957,1.389057,1776,3,1,3,"ext:0.01,1.54,2.14|flat:0.01|aspect:1.39|faces:0|textures:3|materials:1"
23,34,B0713T6T4D,D/B0713T6T4D.glb,https://amazon-berkeley-objects.s3.amazonaws.com/3dmodels/original/D/B0713T6T4D.glb,/vol/bitbucket/ct1022/hy3dpaint_finetune/data/raw_assets/abo/D/B0713T6T4D.glb,13.0000,0.030209,1.281952,21768,3,1,3,"ext:0.03,0.77,0.98|flat:0.03|aspect:1.28|faces:4|textures:3|materials:1"
24,35,B0713T6W1C,C/B0713T6W1C.glb,https://amazon-berkeley-objects.s3.amazonaws.com/3dmodels/original/C/B0713T6W1C.glb,/vol/bitbucket/ct1022/hy3dpaint_finetune/data/raw_assets/abo/C/B0713T6W1C.glb,13.0000,0.052900,1.000001,2412,3,1,3,"ext:0.03,0.61,0.61|flat:0.05|aspect:1.00|faces:0|textures:3|materials:1"
25,36,B0714MJDXC,C/B0714MJDXC.glb,https://amazon-berkeley-objects.s3.amazonaws.com/3dmodels/original/C/B0714MJDXC.glb,/vol/bitbucket/ct1022/hy3dpaint_finetune/data/raw_assets/abo/C/B0714MJDXC.glb,13.0000,0.009621,1.491997,1076,3,1,3,"ext:0.02,1.23,1.84|flat:0.01|aspect:1.49|faces:0|textures:3|materials:1"
26,37,B0714MJKZW,W/B0714MJKZW.glb,https://amazon-berkeley-objects.s3.amazonaws.com/3dmodels/original/W/B0714MJKZW.glb,/vol/bitbucket/ct1022/hy3dpaint_finetune/data/raw_assets/abo/W/B0714MJKZW.glb,13.0000,0.008651,1.602949,2036,3,1,3,"ext:0.02,1.53,2.45|flat:0.01|aspect:1.60|faces:0|textures:3|materials:1"
27,38,B0714MJL15,5/B0714MJL15.glb,https://amazon-berkeley-objects.s3.amazonaws.com/3dmodels/original/5/B0714MJL15.glb,/vol/bitbucket/ct1022/hy3dpaint_finetune/data/raw_assets/abo/5/B0714MJL15.glb,13.0000,0.006438,1.257518,4160,3,1,3,"ext:0.02,2.41,3.03|flat:0.01|aspect:1.26|faces:1|textures:3|materials:1"
28,39,B0714MJLPX,X/B0714MJLPX.glb,https://amazon-berkeley-objects.s3.amazonaws.com/3dmodels/original/X/B0714MJLPX.glb,/vol/bitbucket/ct1022/hy3dpaint_finetune/data/raw_assets/abo/X/B0714MJLPX.glb,13.0000,0.007348,1.591273,2816,3,1,3,"ext:0.02,1.54,2.45|flat:0.01|aspect:1.59|faces:1|textures:3|materials:1"
29,40,B0714MJLTB,B/B0714MJLTB.glb,https://amazon-berkeley-objects.s3.amazonaws.com/3dmodels/original/B/B0714MJLTB.glb,/vol/bitbucket/ct1022/hy3dpaint_finetune/data/raw_assets/abo/B/B0714MJLTB.glb,13.0000,0.004255,1.596711,19910,3,1,3,"ext:0.01,1.53,2.44|flat:0.00|aspect:1.60|faces:4|textures:3|materials:1"
30,41,B0714MMHBL,L/B0714MMHBL.glb,https://amazon-berkeley-objects.s3.amazonaws.com/3dmodels/original/L/B0714MMHBL.glb,/vol/bitbucket/ct1022/hy3dpaint_finetune/data/raw_assets/abo/L/B0714MMHBL.glb,13.0000,0.007078,1.571677,7200,3,1,3,"ext:0.01,1.06,1.67|flat:0.01|aspect:1.57|faces:1|textures:3|materials:1"
