dedup_rank,asset_id,local_glb_path,contact_sheet_page,flatness_ratio,panel_aspect_ratio,faces,textures,materials,import_ok,render_ok,human_decision,reject_reason,subclass,selected_input_view,alternative_input_view,primary_eval_views,front_quality_score,texture_quality_score,leakage_risk,notes
1,B003QTD4Y6,/vol/bitbucket/ct1022/hy3dpaint_finetune/data/raw_assets/abo/6/B003QTD4Y6.glb,contact_sheet_001.jpg,0.013493,1.124290,1568,3,1,yes,yes,,,,,,,,,,
2,B00JM5TTWO,/vol/bitbucket/ct1022/hy3dpaint_finetune/data/raw_assets/abo/O/B00JM5TTWO.glb,contact_sheet_001.jpg,0.076923,1.300000,7220,3,1,yes,yes,,,,,,,,,,
3,B00TOAN83I,/vol/bitbucket/ct1022/hy3dpaint_finetune/data/raw_assets/abo/I/B00TOAN83I.glb,contact_sheet_001.jpg,0.034483,1.380952,1064,3,1,yes,yes,,,,,,,,,,
4,B014I8UQJY,/vol/bitbucket/ct1022/hy3dpaint_finetune/data/raw_assets/abo/Y/B014I8UQJY.glb,contact_sheet_001.jpg,0.072289,1.643565,25578,3,1,yes,yes,,,,,,,,,,
5,B014RWWURC,/vol/bitbucket/ct1022/hy3dpaint_finetune/data/raw_assets/abo/C/B014RWWURC.glb,contact_sheet_001.jpg,0.053267,2.074319,33390,3,1,yes,yes,,,,,,,,,,
6,B017YEANB0,/vol/bitbucket/ct1022/hy3dpaint_finetune/data/raw_assets/abo/0/B017YEANB0.glb,contact_sheet_001.jpg,0.087636,2.490078,59482,3,1,yes,yes,,,,,,,,,,
7,B01DN8TB5U,/vol/bitbucket/ct1022/hy3dpaint_finetune/data/raw_assets/abo/U/B01DN8TB5U.glb,contact_sheet_001.jpg,0.074001,1.675642,1574,3,1,yes,yes,,,,,,,,,,
8,B01GGKYAIU,/vol/bitbucket/ct1022/hy3dpaint_finetune/data/raw_assets/abo/U/B01GGKYAIU.glb,contact_sheet_001.jpg,0.072828,2.756360,18520,3,1,yes,yes,,,,,,,,,,
9,B01GGKYT7M,/vol/bitbucket/ct1022/hy3dpaint_finetune/data/raw_assets/abo/M/B01GGKYT7M.glb,contact_sheet_001.jpg,0.076558,2.658560,18646,3,1,yes,yes,,,,,,,,,,
10,B01GGKYZQM,/vol/bitbucket/ct1022/hy3dpaint_finetune/data/raw_assets/abo/M/B01GGKYZQM.glb,contact_sheet_001.jpg,0.070108,2.903171,18646,3,1,yes,yes,,,,,,,,,,
11,B01LONPUM4,/vol/bitbucket/ct1022/hy3dpaint_finetune/data/raw_assets/abo/4/B01LONPUM4.glb,contact_sheet_002.jpg,0.047500,2.422658,7824,3,1,yes,yes,,,,,,,,,,
12,B01LONQ7R6,/vol/bitbucket/ct1022/hy3dpaint_finetune/data/raw_assets/abo/6/B01LONQ7R6.glb,contact_sheet_002.jpg,0.055945,2.432153,7890,3,1,yes,yes,,,,,,,,,,
13,B01LP0U5X0,/vol/bitbucket/ct1022/hy3dpaint_finetune/data/raw_assets/abo/0/B01LP0U5X0.glb,contact_sheet_002.jpg,0.011451,3.034865,10752,3,1,yes,yes,,,,,,,,,,
14,B01LP0UX9G,/vol/bitbucket/ct1022/hy3dpaint_finetune/data/raw_assets/abo/G/B01LP0UX9G.glb,contact_sheet_002.jpg,0.011360,3.059153,10752,3,1,yes,yes,,,,,,,,,,
15,B06VVXMJ1S,/vol/bitbucket/ct1022/hy3dpaint_finetune/data/raw_assets/abo/S/B06VVXMJ1S.glb,contact_sheet_002.jpg,0.004687,1.147025,1568,3,1,yes,yes,,,,,,,,,,
16,B06X19FLTC,/vol/bitbucket/ct1022/hy3dpaint_finetune/data/raw_assets/abo/C/B06X19FLTC.glb,contact_sheet_002.jpg,0.003376,2.138396,1568,3,1,yes,yes,,,,,,,,,,
17,B06X3W3YQD,/vol/bitbucket/ct1022/hy3dpaint_finetune/data/raw_assets/abo/D/B06X3W3YQD.glb,contact_sheet_002.jpg,0.006456,1.171099,1568,3,1,yes,yes,,,,,,,,,,
18,B06X6H2WF7,/vol/bitbucket/ct1022/hy3dpaint_finetune/data/raw_assets/abo/7/B06X6H2WF7.glb,contact_sheet_002.jpg,0.008631,1.179079,1568,3,1,yes,yes,,,,,,,,,,
19,B07121ZVVT,/vol/bitbucket/ct1022/hy3dpaint_finetune/data/raw_assets/abo/T/B07121ZVVT.glb,contact_sheet_002.jpg,0.006563,1.498902,2672,3,1,yes,yes,,,,,,,,,,
20,B07121ZVX4,/vol/bitbucket/ct1022/hy3dpaint_finetune/data/raw_assets/abo/4/B07121ZVX4.glb,contact_sheet_002.jpg,0.005935,1.367459,2416,3,1,yes,yes,,,,,,,,,,
21,B07121ZVXN,/vol/bitbucket/ct1022/hy3dpaint_finetune/data/raw_assets/abo/N/B07121ZVXN.glb,contact_sheet_003.jpg,0.006223,1.265103,6964,3,1,yes,yes,,,,,,,,,,
22,B07121ZWNC,/vol/bitbucket/ct1022/hy3dpaint_finetune/data/raw_assets/abo/C/B07121ZWNC.glb,contact_sheet_003.jpg,0.006957,1.389057,1776,3,1,yes,yes,,,,,,,,,,
23,B0713T6T4D,/vol/bitbucket/ct1022/hy3dpaint_finetune/data/raw_assets/abo/D/B0713T6T4D.glb,contact_sheet_003.jpg,0.030209,1.281952,21768,3,1,yes,yes,,,,,,,,,,
24,B0713T6W1C,/vol/bitbucket/ct1022/hy3dpaint_finetune/data/raw_assets/abo/C/B0713T6W1C.glb,contact_sheet_003.jpg,0.052900,1.000001,2412,3,1,yes,yes,,,,,,,,,,
25,B0714MJDXC,/vol/bitbucket/ct1022/hy3dpaint_finetune/data/raw_assets/abo/C/B0714MJDXC.glb,contact_sheet_003.jpg,0.009621,1.491997,1076,3,1,yes,yes,,,,,,,,,,
26,B0714MJKZW,/vol/bitbucket/ct1022/hy3dpaint_finetune/data/raw_assets/abo/W/B0714MJKZW.glb,contact_sheet_003.jpg,0.008651,1.602949,2036,3,1,yes,yes,,,,,,,,,,
27,B0714MJL15,/vol/bitbucket/ct1022/hy3dpaint_finetune/data/raw_assets/abo/5/B0714MJL15.glb,contact_sheet_003.jpg,0.006438,1.257518,4160,3,1,yes,yes,,,,,,,,,,
28,B0714MJLPX,/vol/bitbucket/ct1022/hy3dpaint_finetune/data/raw_assets/abo/X/B0714MJLPX.glb,contact_sheet_003.jpg,0.007348,1.591273,2816,3,1,yes,yes,,,,,,,,,,
29,B0714MJLTB,/vol/bitbucket/ct1022/hy3dpaint_finetune/data/raw_assets/abo/B/B0714MJLTB.glb,contact_sheet_003.jpg,0.004255,1.596711,19910,3,1,yes,yes,,,,,,,,,,
30,B0714MMHBL,/vol/bitbucket/ct1022/hy3dpaint_finetune/data/raw_assets/abo/L/B0714MMHBL.glb,contact_sheet_003.jpg,0.007078,1.571677,7200,3,1,yes,yes,,,,,,,,,,
